{
  "AnkiConnect.py": 1773214739.1618114,
  "managers/study_manager.py": 1773214739.1631725,
  "managers/__init__.py": 1773141613.4651034,
  "managers/note_manager.py": 1773141613.466644,
  "tests/test_misc.py": 1760075275.655839,
  "tests/test_answer_card.py": 1773141613.473649,
  "tests/util.py": 1760075275.6559577,
  "tests/test_decks.py": 1760075275.6557202,
  "utils/__init__.py": 1773141613.4746704,
  "utils/network.py": 1773141613.4781141,
  "utils/deck_helpers.py": 1773141613.4761055,
  "utils/helpers.py": 1773141613.477145,
  "README.md": 1760075275.6525416,
  "tests/README.md": 1773141613.471944,
  "docs/NOTE_DECK_APIS.md": 1773141613.4611988,
  "docs/UPDATE_MODEL_FIX.md": 1773141613.4623113,
  "docs/NOTE_MANAGEMENT_README.md": 1762853889.6955738,
  "docs/PROFILE_MANAGEMENT_README.md": 1762853889.6955755,
  "docs/BUTTON_TIMINGS.md": 1773141613.4586654,
  "docs/UPDATE_NOTE_FIELDS_README.md": 1773141613.4634438,
  "docs/AUDIO_NOTES.md": 1762855745.234105,
  "docs/CUSTOM_STUDY_API.md": 1763781699.3445587,
  "docs/ANSWER_CARD_TIME_TRACKING.md": 1762855655.5803769,
  "docs/DECK_NAME_FIX.md": 1773141613.4599483
}